station_id,station_name,state_id,lat,lon,elevation_m
A1038,CORBIN,VA,38.20087,-77.37742,70.104
A1046,Lassen Volcanic NP,CA,40.5403,-121.5764,1763.8776
A1051,DETROIT - E 7 MILE,MI,42.4308,-83.0008,192.9384
A1055,TECUMSEH,MI,41.9956,-83.9467,248.1072
A1058,Grand Teton NP - Science School,WY,43.67083,-110.5994,2124.1512000000002
A1059,DETROIT - SOUTHWEST,MI,42.3042,-83.1072,178.91760000000002
A1064,GRAND RAPIDS,MI,42.9847,-85.6711,188.976
A1069,COLOMA,MI,42.1978,-86.3097,195.9864
A1076,HOUGHTON LAKE,MI,44.3106,-84.8919,345.03360000000004
A1077,CASSOPOLIS,MI,41.8956,-86.0017,270.9672
A1080,ALLEN PARK,MI,42.2283,-83.2092,182.88
A1081,Zion NP,UT,37.1983,-113.1506,1214.0184000000002
A1083,NEW HAVEN,MI,42.7314,-82.7936,189.8904
A1090,WAIKOLOA,HI,19.97747,-155.79807,181.05120000000002
A1092,Colville-E 1st St,WA,48.54469,-117.90322,492.8616
A1093,Neah Bay 2-Makah Tribe,WA,48.36606,-124.61005,3.9624
A1112,Hammond-141st St,IN,41.6394,-87.4936,178.91760000000002
A1123,South Pass,WY,42.5275,-108.7203,2527.0968000000003
A1130,Forest Park,MO,38.63106,-90.28114,159.1056
A1140,Palo Duro,TX,34.8803,-101.6649,1057.9608
A1141,Wenatchee-Fifth St,WA,47.43061,-120.34195,246.888
A1145,Harlingen Teege C1023,TX,26.20028,-97.7125,15.8496
A1152,Eagle Pass C319,TX,28.70461,-100.45116,252.984
A1153,Alabama-Coushatta,TX,30.6681,-94.6739,86.86800000000001
A1170,Madison-Beach Road,CT,41.2569,-72.55322,2.1336
A1181,Tulsa,OK,36.2067,-95.9764,198.12
A1184,Minneapolis-Near Road,MN,44.9653,-93.2551,253.8984
A1273,Temple Georgia C1045,TX,31.12253,-97.43116,191.1096
A1281,NCore - White Mountain Research Station - OVL,CA,37.3607,-118.33084,1235.0496
A1303,Toll,NV,39.39984,-119.73961,1392.9360000000001
A1322,Pocatello Garrett and Gould,ID,42.8767,-112.4603,1360.932
A1352,Yuma Supersite,AZ,32.69028,-114.61444,59.1312
A1367,Pinnacle Peak Club House,AZ,33.7123,-111.8527,726.0336000000001
A1386,Whiterocks,UT,40.4838,-109.9062,1894.9416
A1388,Myton,UT,40.2169,-110.1823,1606.9056
A1478,Alamo Lake,AZ,34.24389,-113.55861,391.9728
A1622,Ouray,UT,40.05485,-109.68737,1467.0024
A1633,Redwash,UT,40.20443,-109.35321,1701.0888
A1660,ROLAND,OK,35.40814,-94.52441,142.9512
A1683,Rider Trail I-70,MO,38.75264,-90.44884,155.1432
A1848,Howard County Near Road,MD,39.1432,-76.84619,89.91600000000001
A1961,Lostwood NWR,ND,48.6419,-102.4022,687.9336000000001
A2065,Hillcrest HS,MO,37.25607,-93.29969,377.952
A2068,Boundary County,ID,48.70555,-116.36897,538.8864
A2143,Tacoma-S 36th St,WA,47.22634,-122.46256,104.8512
A2159,ROCKWELL,NC,35.5519,-80.395,231.03840000000002
A2160,Baltimore County Near Road,MD,39.37168,-76.74681,128.93040000000002
A2208,Lewiston,ID,46.4085,-116.9914,284.0736
A2246,Moscow,ID,46.7282,-116.9546,794.9184
A2340,JOANBOLD,NC,35.2578,-83.7955,1417.0152
A2642,G.T.Craig,OH,41.49219,-81.67855,203.9112
A2668,Lubbock 12th Street,TX,33.5853,-101.78698,978.1032
A2679,Del Norte,NM,35.1353,-106.5847,1590.1416000000002
A2707,Baytown Garth C1017,TX,29.82332,-94.98379,14.9352
A2741,Plummer,IN,38.9856,-86.99,163.9824
A2757,Casino Center,NV,36.17437,-115.13977,616.9152
A2823,Bismarck Residential,ND,46.8253,-100.7681,579.12
A2961,Palm Springs - Fire Station,CA,33.85261,-116.54097,174.04080000000002
A3147,Ute 1,CO,37.13678,-107.62863,1993.0872000000002
A3282,Dysart,AZ,33.6369,-112.3394,359.96880000000004
A3331,MATH & SCIENCE CTR,VA,37.55652,-77.40027,50.9016
A3371,Joe Neal,NV,36.27059,-115.23828,708.9648000000001
A3404,Jean,NV,35.78567,-115.35709,922.9344000000001
A3434,Sunrise Acres,NV,36.16396,-115.11393,565.0992
A3476,Greenwich,CT,41.0036,-73.5853,2.1336
A3511,Westport,CT,41.1189,-73.3369,2.1336
A3563,Waterbury,CT,41.5503,-73.0442,85.95360000000001
A3576,Lee Vining,CA,37.96207,-119.12028,2058.0096000000003
A3586,Columbia Falls,MT,48.36369,-114.18927,926.8968000000001
A3610,Sebastopol,CA,38.40377,-122.81829,21.031200000000002
A3615,CARPENTER,IA,41.6031,-93.6433,281.0256
A3625,SEAFORD,DE,38.6444,-75.6131,9.144
A3630,Jackson NCORE,MS,32.32911,-90.18272,103.0224
A3631,DCNearRoad,DC,38.89475,-76.95343,10.972800000000001
A3632,Seeley Elementary School,MT,47.17563,-113.47618,1232.9160000000002
A3647,Lewistown,MT,47.04854,-109.45532,1259.1288
A3648,7004,CO,37.20586,-107.25412,2026.0056000000002
A3649,Burbank-Maple Street,WA,46.2001,-119.0084,110.94720000000001
A3650,Great Falls Overlook Park,MT,47.49432,-111.30332,1019.8608
A3653,Preble County,OH,39.83562,-84.72049,352.04400000000004
A3658,Butte Greely School,MT,46.0024,-112.50089,1677.924
A3659,Remount,NC,35.21317,-80.87408,198.12
A3661,Libby Courthouse,MT,48.3841,-115.548,637.032
A3665,Buckeye,AZ,33.37,-112.6207,264.8712
A3672,Bar Harbor - Cadillac Mtn.,ME,44.35167,-68.22722,455.06640000000004
A3673,Paw Park,FL,27.3503,-82.4797,10.972800000000001
A3676,Bayonne,NJ,40.67025,-74.12608,2.1336
A3679,Ute 3,CO,37.10258,-107.87022,1944.0144
A3687,PASCAGOULA,MS,30.3775,-88.5339,6.096
A3688,NO. BHAM,AL,33.5531,-86.815,178.91760000000002
A3691,West Yellowstone Park Ent #2,MT,44.65701,-111.08962,2040.9408
A3693,Senior Center,AZ,33.4883,-111.855,378.8664
A3700,WAVELAND,MS,30.3008,-89.3958,7.9248
A3726,MENDNHAL,NC,36.1092,-79.8011,248.1072
A3730,POMPANO_BEACH,FL,26.2906,-80.0969,7.010400000000001
A3752,SYDNEY,FL,27.9659,-82.23062,31.0896
A3754,John A. Chesnut Sr. Park,FL,28.0903,-82.7008,10.0584
A3760,Mammoth Cave NP,KY,37.1314,-86.1481,235.0008
A3761,WATSON,KY,38.0608,-85.8961,135.0264
A3763,Carrithers Middle School,KY,38.1825,-85.5744,220.06560000000002
A3765,Voyageurs NP,MN,48.4128,-92.8292,428.85360000000003
A3767,Glacier NP,MT,48.5103,-113.9956,969.8736
A3770,Mt. Washington base,NH,44.30813,-71.21764,452.01840000000004
A3771,Nashua - Gilson Rd.,NH,42.71865,-71.52242,63.0936
A3773,Odiorne State Park,NH,43.04527,-70.71396,3.9624
A3778,Columbus NR - Smoky Row,OH,40.11109,-83.06538,270.0528
A3780,NEW,PA,39.99139,-75.08083,7.010400000000001
A3781,TOR,PA,40.05417,-74.98517,11.8872
A3782,MON,PA,39.98884,-75.20721,32.004000000000005
A3784,Cades Cove - GSMNP,TN,35.6031,-83.7836,565.0992
A3799,Burns - Washington St.,OR,43.58925,-119.0483,1267.968
A3801,Grants Pass - Parkside School,OR,42.434149,-123.348466,278.892
A3804,Turner - CJHS,OR,44.81029,-122.915085,102.108
A3805,Portland - SE Lafayette,OR,45.496641,-122.602877,70.104
A3806,Pendleton - McKay Creek,OR,45.652231,-118.823033,320.04
A3813,Rocky Mountain NP,CO,40.2778,-105.5453,2748.9912
A3814,Hartford-Huntley,CT,41.77144,-72.67992,18.8976
A3817,MUNRO STREET,FL,27.95513,-82.46953,10.972800000000001
A3818,Chippewa Lake,OH,41.0604,-81.9239,317.9064
A3819,Thomas Jefferson School C303,TX,29.9219,-93.9139,6.096
A3822,Dinosaur National Monument,UT,40.4372,-109.3047,1463.04
A3826,Ojo De Agua C1021,TX,31.86244,-106.54756,1247.8512
A3831,Yellowstone- Old Faithful Snow Lodge,WY,44.37306,-110.831,2510.9424
A3833,FAIRHOPE,AL,30.4889,-87.8706,29.8704
A3844,Huntsville Old Airport,AL,34.6917,-86.5917,177.08880000000002
A3845,Huntsville Capshaw,AL,34.7727,-86.7561,228.90480000000002
A3846,CHICK.,AL,30.7697,-88.0875,13.1064
A3847,BAYROAD,AL,30.4744,-88.1411,10.0584
A3848,MONTG,AL,32.4069,-86.2564,61.8744
A3850,PC South Girard School,AL,32.43703,-84.99965,99.06
A3851,HELENA,AL,33.3169,-86.825,145.0848
A3854,Garden,AK,61.20586,-149.8246,34.1376
A3862,LEHI,AZ,33.4745,-111.8051,377.0376
A3864,Orange Grove,AZ,32.32257,-111.03771,680.9232000000001
A3866,22nd Street & Craycroft,AZ,32.205,-110.8772,789.1272
A3867,Tangerine & Camino de Oeste,AZ,32.4253,-111.0669,796.1376
A3870,Green Valley,AZ,31.8794,-110.9964,893.0640000000001
A3872,Coachline,AZ,32.3806,-111.1272,638.8608
A3874,AJ Maintenance Yard,AZ,33.4206,-111.5033,549.8592
A3878,Prescott Pioneer Park,AZ,34.61205,-112.46321,1595.9328
A3879,MARION,AR,35.1967,-90.1911,64.92240000000001
A3880,DEER,AR,35.8325,-93.2192,663.8544
A3884,ADEQ-DSR,AR,34.6811,-92.3283,106.0704
A3885,SPRNGDLE,AR,36.1797,-94.1167,409.0416
A3886,Fayetteville,AR,36.0117,-94.16744,377.0376
A3889,Alpine,CA,32.8423,-116.76833,627.888
A3892,Yreka,CA,41.72679,-122.63359,798.8808
A3897,BELLFNT2,DE,39.7739,-75.4964,61.8744
A3899,TakomaRec,DC,38.9701,-77.01672,77.1144
A3900,NCORE,FL,26.05405,-80.25761,10.0584
A3902,Sheffield Elementary School,FL,30.4758,-81.5869,11.8872
A3904,Pepsi Place,FL,30.26281,-81.60683,7.010400000000001
A3907,Athens,GA,33.925,-83.3575,213.9696
A3909,Albany,GA,31.5767,-84.1002,67.9704
A3910,Rome,GA,34.26054,-85.32333,181.96560000000002
A3911,Gwinnett Tech,GA,33.9636,-84.0664,296.8752
A3912,Gainesville,GA,34.3003,-83.8139,384.9624
A3915,Columbus Airport,GA,32.5214,-84.9436,131.9784
A3918,Shoshone Bannock Tribes,ID,42.58983,-112.45889,1705.0512
A3921,Idaho City,ID,43.82302,-115.83856,1182.0144
A3922,Garden Valley,ID,44.1045,-115.97239,940.0032
A3933,CHI_SWFP,IL,41.7558,-87.5453,181.05120000000002
A3935,LEMONT,IL,41.6681,-87.9906,224.02800000000002
A3937,DESPLNS,IL,42.0603,-87.8631,199.0344
A3940,EFFINGHM,IL,39.0667,-88.5483,174.95520000000002
A3941,JERSEYVL,IL,39.10144,-90.34449,182.88
A3944,NORMAL,IL,40.5169,-88.9975,242.9256
A3949,PEORIA_H,IL,40.745,-89.5861,220.06560000000002
A3950,HOUSTON,IL,38.1761,-89.7883,135.0264
A3951,Springfield Ag,IL,39.83192,-89.64416,177.08880000000002
A3952,SPFD_IB,IL,39.83152,-89.64092,175.86960000000002
A3960,Bristol,IN,41.7178,-85.8247,237.1344
A3972,Indpls-Ft. Harrison,IN,39.8589,-86.0214,259.99440000000004
A3973,Indpls-W.18th St,IN,39.7889,-86.2147,224.02800000000002
A3979,Granger-Beckley St.,IN,41.75487,-86.11009,245.0592
A3981,Lafayette-Greenbush St,IN,40.4316,-86.8525,202.9968
A3986,Boonville,IN,38.0519,-87.2783,124.0536
A3987,COGGON,IA,42.2806,-91.5269,281.0256
A3989,Leavenworth-U.S. Penitentiary,KS,39.3275,-94.9513,270.0528
A3990,Chanute,KS,37.67696,-95.47594,306.0192
A3991,WHlthDpt,KS,37.7011,-97.3139,402.0312
A3993,KNI-Topeka,KS,39.0242,-95.7114,281.94
A3995,Cedar Bluff,KS,38.7703,-99.7636,675.1320000000001
A3997,Near Road,KY,38.1935,-85.7121,159.1056
A3998,Shreveport Airport,LA,32.5364,-93.7492,53.0352
A4000,Thibodaux,LA,29.7639,-90.7653,7.010400000000001
A4005,Madisonville,LA,30.4293,-90.1997,10.0584
A4006,Calvert,MD,38.53672,-76.61719,46.0248
A4012,Fall River,MA,41.6833,-71.1697,32.9184
A4013,Wampanoag Laboratory - Martha's Vineyard,MA,41.3306,-70.7859,2.1336
A4014,SPRINGFIELDSP,MA,42.12025,-72.58499,59.1312
A4015,Chelmsford,MA,42.6267,-71.3622,46.9392
A4017,Worcester,MA,42.2639,-71.7947,148.1328
A4024,Detroit Lakes,MN,46.8511,-95.8467,416.9664
A4026,Fond du Lac,MN,46.71369,-92.51172,387.096
A4027,Leech Lake Nation: Cass Lake,MN,47.38443,-94.60166,406.908
A4031,Minneapolis-Phillips,MN,44.9536,-93.2581,260.9088
A4033,Marshall,MN,44.4572,-95.835,358.14000000000004
A4034,Mille Lacs,MN,46.2056,-93.7589,381.9144
A4041,St. Cloud,MN,45.55,-94.1333,313.0296
A4042,Marine on St. Croix,MN,45.168,-92.7651,231.03840000000002
A4043,St. Michael,MN,45.2108,-93.6686,287.1216
A4048,Hinds CC,MS,32.34691,-90.22593,106.0704
A4051,FGRLAKES,MO,39.07803,-92.31632,228.90480000000002
A4053,Orchard Farm,MO,38.8994,-90.44917,135.0264
A4054,Davey,NE,40.98497,-96.67143,385.8768
A4055,2912 Coffey,NE,41.13332,-95.95608,327.9648
A4056,Fallon,NV,39.47247,-118.78362,1213.104
A4063,Brigantine,NJ,39.46487,-74.44874,3.9624
A4068,Jersey City FH,NJ,40.72545,-74.05229,3.9624
A4069,Rutgers University,NJ,40.46218,-74.42944,20.1168
A4071,Colliers Mills,NJ,40.06485,-74.44406,43.891200000000005
A4075,South Valley,NM,35.0186,-106.6519,1512.1128
A4078,Solano Drive,NM,32.3169,-106.7669,1209.1416000000002
A4079,Las Cruces ED,NM,32.31033,-106.75121,1229.8680000000002
A4080,Albany,NY,42.6425,-73.7547,7.010400000000001
A4081,Loudonville,NY,42.6769,-73.7556,99.06
A4084,Pfizer Lab,NY,40.868,-73.8782,32.9184
A4087,Buffalo,NY,42.8781,-78.8094,182.88
A4100,Middleport,NY,43.2189,-78.4792,148.1328
A4103,Newburgh,NY,41.4994,-74.0097,38.1
A4106,Mt Ninham,NY,41.4561,-73.7103,198.12
A4110,Fresh Kills,NY,40.5802,-74.1994,-0.9144000000000001
A4112,Stillwater,NY,43.0122,-73.6492,121.0056
A4113,Pinnacle State Park,NY,42.0972,-77.2103,495.9096
A4114,Babylon,NY,40.7356,-73.4061,24.0792
A4117,Williamson,NY,43.2303,-77.1728,138.0744
A4118,White Plains,NY,41.0522,-73.7642,64.00800000000001
A4119,Taylorsville Liledoun,NC,35.9138,-81.191,352.95840000000004
A4120,BNTCR,NC,35.5,-82.6,633.984
A4123,HICKORY,NC,35.72889,-81.36556,352.04400000000004
A4127,Durham Armory,NC,36.03296,-78.90404,104.8512
A4135,JOHNSTON,NC,35.59095,-78.4622,81.9912
A4136,CROUSE,NC,35.43856,-81.27675,270.9672
A4137,JAMESVIL,NC,35.81066,-76.90625,14.020800000000001
A4138,University Meadows,NC,35.31416,-80.71347,213.0552
A4140,CASTLE H,NC,34.36417,-77.83861,9.144
A4149,Lima,OH,40.771,-84.0539,267.9192
A4150,Conneaut,OH,41.9597,-80.57281,191.1096
A4152,Hamilton,OH,39.38467,-84.54054,202.9968
A4154,Mud Run,OH,39.85567,-83.99773,253.8984
A4155,Springfield PM,OH,39.92882,-83.80949,284.988
A4157,6th District,OH,41.55523,-81.57526,192.024
A4161,New Albany,OH,40.0845,-82.81552,309.0672
A4163,Xenia,OH,39.66575,-83.94285,284.0736
A4164,Steubenville,OH,40.36645,-80.61569,219.15120000000002
A4166,Eastlake,OH,41.67301,-81.42246,188.0616
A4167,Painesville - JFS,OH,41.72681,-81.24216,203.9112
A4169,Ironton - ODOT,OH,38.50811,-82.6593,167.94480000000001
A4173,Waterville,OH,41.49417,-83.71894,188.976
A4174,Cooley Canal,OH,41.669,-83.28717,173.12640000000002
A4181,Lake Rockwell,OH,41.18247,-81.33049,321.8688
A4182,Canton,OH,40.80072,-81.373,320.9544
A4189,Youngstown - Laird Ave.,OH,41.23172,-80.80116,278.892
A4192,Healdton,OK,34.2569,-97.4742,291.084
A4193,Moore,OK,35.32,-97.4883,373.9896
A4197,McAlester,OK,34.90608,-95.79413,270.9672
A4198,Baker City - Forest Service,OR,44.78822,-117.8446,1042.1112
A4202,Bend - Pump Station,OR,44.06392,-121.31255,1096.0608
A4210,Eugene - Highway 99,OR,44.06722,-123.14135,123.1392
A4215,Albany - Calapooia School,OR,44.61569,-123.09146,71.0184
A4219,Salem - State Hospital,OR,44.94311,-123.00593,61.8744
A4220,Cove - City Hall,OR,45.30088,-117.8129,872.9472000000001
A4221,Enterprise - US Forest Service,OR,45.42635,-117.29607,1163.1168
A4222,Beaverton - Highland Park School,OR,45.4702,-122.8159,81.0768
A4227,Harrison Township,PA,40.61386,-79.72957,301.1424
A4244,Erie,PA,42.1428,-80.0372,200.8632
A4261,NEA,PA,40.0767,-75.0108,31.0896
A4262,RIT,PA,39.92252,-75.18678,10.972800000000001
A4263,FAB,PA,39.9603,-75.1424,10.972800000000001
A4275,Trenton,SC,33.7397,-81.8536,193.8528
A4289,Badlands,SD,43.74694,-101.94111,740.0544
A4290,Black Hawk,SD,44.15564,-103.31577,1071.9816
A4292,Credit Union,SD,44.0874,-103.27378,1026.8712
A4294,MARYVILL,TN,35.7683,-83.9422,323.088
A4296,LOCKLAND,TN,36.1767,-86.7386,153.924
A4297,PERCY PRIEST DAM,TN,36.1506,-86.6211,162.1536
A4298,DYERTEOM,TN,36.0528,-89.3819,99.9744
A4301,Eastside,TN,35.1028,-85.1622,269.1384
A4302,NMARKET,TN,36.1144,-83.6014,312.1152
A4304,AIR LAB,TN,35.9803,-83.9306,278.892
A4307,ATHENS,TN,35.4511,-84.5992,301.1424
A4308,Columbia,TN,35.65188,-87.0096,219.15120000000002
A4311,FRAYSER,TN,35.2175,-90.0194,85.95360000000001
A4312,SHELBY FARMS,TN,35.15159,-89.85022,86.86800000000001
A4314,Kingsport,TN,36.5408,-82.5217,391.9728
A4315,BVILLE,TN,36.5408,-82.4258,484.9368
A4316,KSPORT,TN,36.5819,-82.4858,424.8912
A4323,Haws Athletic Center C310,TX,32.7592,-97.3414,167.03040000000001
A4325,Albemarle HS,VA,38.0766,-78.504,173.12640000000002
A4327,SHIRLEY PLANTATION,VA,37.3419,-77.2608,4.8768
A4329,FRANCONIA,VA,38.7717,-77.1089,64.92240000000001
A4332,HANOVER,VA,37.6061,-77.2189,47.8536
A4334,Shenandoah NP,VA,38.5231,-78.4347,1070.1528
A4335,JAMES S. LONG PARK,VA,38.8553,-77.6356,113.99520000000001
A4337,Rockingham,VA,38.4772,-78.8167,384.9624
A4338,WIDEWATER,VA,38.4831,-77.3703,49.0728
A4339,RURAL RETREAT,VA,36.8931,-81.255,751.9416
A4340,HAMPTON,VA,37.10368,-76.38695,3.9624
A4346,Leavenworth-Evans St,WA,47.5988,-120.6647,362.10240000000005
A4347,Port Angeles-E 5th St,WA,48.115,-123.43643,29.8704
A4352,Mesa-Pepoit Way (temp SO),WA,46.5754,-119.0021,223.11360000000002
A4353,Moses Lake-Balsam St,WA,47.1303,-119.2726,323.088
A4355,Taholah-Quinault Tribe,WA,47.3398,-124.2918,14.020800000000001
A4360,Bremerton-Spruce Ave,WA,47.59268,-122.6274,78.0288
A4364,Twisp-Glover St,WA,48.3645,-120.1211,491.0328
A4371,Colbert-Greenbluff,WA,47.80823,-117.34327,579.12
A4372,Spokane-E Broadway Ave,WA,47.66396,-117.25765,613.8672
A4377,Lacrosse-Hill St,WA,46.8153,-117.8739,463.90560000000005
A4378,Rosalia-Josephine St,WA,47.2313,-117.3685,690.0672000000001
A4394,Cut Bank,MT,48.60741,-112.36384,1167.9936
A4395,Wampanoag Laboratory-Martha's Vineyard,MA,41.3306,-70.7889,10.0584
A4396,Catawba Indian Nation,SC,34.91263,-80.87428,156.972
A4398,San Antonio,FL,28.3322,-82.3056,31.0896
A4399,Holiday,FL,28.1953,-82.7578,6.096
A4402,Denver - NJH - 14th Ave. & Albion St.,CO,39.7386,-104.9394,1623.0600000000002
A4404,I25 Denver,CO,39.73214,-105.01531,1588.008
A4409,Rifle Particulate,CO,39.5318,-107.7823,1631.8992
A4412,Fort Collins - West - Laporte Ave. & Overland Tr.,CO,40.59254,-105.1411,1570.0248000000001
A4414,Palisade Ozone,CO,39.1306,-108.3139,1531.9248
A4416,Bondville,IL,40.0519,-88.3724,213.0552
A4421,Laurel Oaks Elementary,FL,26.2992,-81.72,14.9352
A4422,Lake City,FL,30.1783,-82.6192,39.0144
A4424,Flagler County,FL,29.48908,-81.27683,13.1064
A4428,Clermont,FL,28.525,-81.7231,29.8704
A4429,Cape Coral Fire Station,FL,26.5475,-81.9797,3.048
A4431,Tallahassee Community College,FL,30.4397,-84.3483,32.004000000000005
A4432,Port Manatee,FL,27.6331,-82.5458,3.048
A4433,G. T. Bray Park,FL,27.4808,-82.6186,13.1064
A4435,YMCA - Marion County,FL,29.1708,-82.1008,39.0144
A4436,County Sheriff Impound,FL,29.1928,-82.1733,27.127200000000002
A4437,Stuart,FL,27.17246,-80.24069,10.0584
A4443,Belle Glade,FL,26.72417,-80.66306,6.096
A4444,Lantana Preserve,FL,26.59381,-80.05892,10.0584
A4449,Woodlawn,FL,30.3942,-87.0081,14.020800000000001
A4451,Jackson Road,FL,27.0892,-82.3625,6.096
A4453,Blind Services; 1185-A Dunn Ave,FL,29.2069,-81.0531,13.1064
A4457,MIDAIR,KY,36.6081,-83.7369,348.99600000000004
A4462,GRAYSON,KY,38.2383,-82.9883,206.9592
A4470,SMITHLD,KY,37.1556,-88.3931,104.8512
A4480,Reading Airport,PA,40.3833,-75.9686,91.1352
A4494,King Greenleaf Rec Center,DC,38.87516,-77.01282,6.096
A4497,HUNTINGTON,WV,38.41024,-82.43244,173.12640000000002
A4500,Bellevue-SE 12th,WA,47.60086,-122.1484,92.964
A4501,Bellingham Pacifc,WA,48.76004,-122.45646,22.86
A4505,Rockford,IL,42.267,-89.08917,230.12400000000002
A4506,ChelmsfordNR,MA,42.61211,-71.30752,45.110400000000006
A4507,Flax Pond,NY,40.96102,-73.13913,6.096
A4516,Havre,MT,48.55102,-109.67748,758.0376
A4521,Jacobs,CA,40.77694,-124.1775,32.004000000000005
A4523,Columbus - Rocky Ford Rd,IN,39.23746,-85.89133,195.072
A4525,Elkhart-Prairie St.,IN,41.65694,-85.96833,234.08640000000003
A4527,Madawaska PSB,ME,47.3553,-68.3211,177.08880000000002
A4531,Bangor MSS,ME,44.8174,-68.77276,46.0248
A4537,Oakland West,CA,37.8148,-122.2824,3.9624
A4540,Hayward,CA,37.6547,-122.0317,281.94
A4541,San Rafael,CA,37.9722,-122.5189,3.9624
A4542,San Francisco,CA,37.7658,-122.3978,7.9248
A4544,San Jose - Jackson St.,CA,37.3483,-121.8947,18.8976
A4545,San Jose - Knox Ave,CA,37.3382,-121.84989,29.8704
A4548,San Diego - Sherman Elementary School,CA,32.710177,-117.142665,35.052
A4551,Greeley Hospital,CO,40.4147,-104.7061,1442.9232000000002
A4552,Rosenstiel,FL,25.7325,-80.1622,3.048
A4560,Raymone-4th St,WA,46.68822,-123.73176,4.2672
A4574,Valdosta,GA,30.8486,-83.2933,57.302400000000006
A4578,Dixie,LA,32.6833,-93.8617,52.1208
A4579,Nursery Rd,ID,47.71539,-116.82725,685.1904000000001
A4580,James Town Mobile,WY,41.55643,-109.53044,1859.5848
A4585,North Holywood,CA,34.18198,-118.36304,199.644
A4587,Casa Grande Downtown,AZ,32.87758,-111.85222,409.956
A4595,Apache Junction,AZ,33.42,-111.5042,548.9448
A4601,CasaBlanca,AZ,33.11753,-111.88491,366.9792
A4605,Coconut Creek,FL,26.29405,-80.17634,7.9248
A4618,Sawgrass Lake Park,FL,27.83441,-82.66525,9.144
A4620,NR-285,GA,33.69861,-84.27261,249.936
A4624,White Pine,ID,43.5776,-116.17816,836.9808
A4632,Evansville-Lloyd,IN,37.97722,-87.59639,116.12880000000001
A4634,Goodland,KS,39.3428,-101.703,1125.9312
A4636,Weymouth,MA,42.24587,-70.96277,3.9624
A4639,DURHAM,ME,43.97445,-70.12489,50.9016
A4641,Bethel Smith Farm Road,ME,44.37779,-70.8547,202.9968
A4642,Holden,ME,44.73647,-68.67114,239.8776
A4645,Shapleigh Ball Park,ME,43.58889,-70.87734,173.12640000000002
A4655,Ramblewood Park,NC,35.12395,-80.90758,180.13680000000002
A4668,Indian Springs,NV,36.56933,-115.67665,975.9696
A4679,Harvard Yards,OH,41.44668,-81.66242,210.9216
A4684,Talent - Rapp Lane,OR,42.22989,-122.7877,565.0992
A4685,Portland Cully Helensview School,OR,45.5622,-122.57562,24.9936
A4693,Moncks Corner,SC,33.18302,-80.03071,21.945600000000002
A4713,Port Clyde,ME,43.91795,-69.2608,5.7912
A4718,Irving St,SC,32.8366,-79.95698,3.6576000000000004
A4722,Redmond High School,OR,44.275,-121.1905,908.9136000000001
A4726,Bend NE 8th and Emerson,OR,44.05466,-121.29407,1120.14
A4733,Platteville Atmospheric Observatory (PAO),CO,40.18161,-104.72613,1520.3424
A4738,Blue Grass Trail,VA,37.3232,-80.4572,664.7688
A4742,Riverton Mobile,WY,43.024214,-108.363703,1499.3112
A4754,Grand Island DOT,NE,40.91833,-98.37888,574.8528
A4759,Yellow Brick Building,CO,39.19297,-106.82318,2411.8824
A4768,Evergreen,CO,39.62041,-105.33872,2223.2112
A4779,Estacada Clackamas River Elementary School,OR,45.29141,-122.33262,158.1912
A4781,Umatilla,WA,46.2026,-117.9539,680.3136000000001
A4790,SLO Roberto,CA,35.25947,-120.64449,67.056
A4792,Great Plains,OK,34.74583,-98.96769,437.08320000000003
A4793,Burneyville,OK,33.8825,-97.2758,234.08640000000003
A4794,CAPCOG Round Rock Brushy Creek W C1620,TX,30.51385,-97.6667,209.0928
A4795,Garrett Jr. High,NV,35.96985,-114.83501,740.9688
A4796,SF-USD,SD,43.59901,-96.78331,452.62800000000004
A4801,MOUNDSVILLE,WV,39.9158,-80.7342,195.9864
A4805,Rossville-Williams St,GA,34.9784,-85.2943,203.9112
A4807,Aspen Pumphouse,CO,39.19627,-106.8364,2417.0640000000003
A4814,Gillette SLAMS,WY,44.288,-105.51702,1416.1008000000002
A4817,Trenton,NJ,40.22242,-74.76317,20.1168
A4819,Rochester Near-road,NY,43.14502,-77.55761,145.0848
A4820,Bakersfield - Golden State Highway,CA,35.3853,-119.0147,125.5776
A4821,Merced-M St,CA,37.30833,-120.48036,52.1208
A4827,Skyview,FL,28.45317,-81.39714,32.9184
A4835,DOT Miami,FL,25.8975,-80.38,7.9248
A4837,Nogales ITN,AZ,31.29129,-110.95151,1266.1392
A4842,Big Bear,CA,34.26471,-116.86165,2061.0576
A4843,Lake Montebello,MD,39.33746,-76.58905,68.8848
A4844,GADSDEN,AL,33.99134,-85.99265,175.86960000000002
A4845,Morrisania,NY,40.8367,-73.9214,13.1064
A4847,Duncanville Middle School,AL,33.09538,-87.48151,125.8824
A4849,Wade School,NC,35.1487,-78.7068,46.9392
A4854,TRPA Office,NV,38.966434,-119.931016,1954.9872
A4855,Richmond City Near Road,VA,37.59088,-77.46925,60.96
A4857,Youngstown State,OH,41.10618,-80.64057,264.8712
A4858,Nature Center,KY,38.96746,-84.72148,270.9672
A4862,Vermillion,SD,42.78945,-96.90386,376.1232
A4869,Salem Chemeketa Community College,OR,44.97657,-122.97631,56.083200000000005
A4870,Corvallis EPA Office,OR,44.5658,-123.29271,75.8952
A4875,Soap Lake,WA,47.38556,-119.48985,341.37600000000003
A4880,Clairton,PA,40.29438,-79.8853,287.1216
A4884,Ashland,AL,33.2811,-85.8022,320.9544
A4885,Northern VA Near Road,VA,38.7684,-77.18347,75.8952
A4886,Tidewater Regional Office,VA,36.84188,-76.18123,7.010400000000001
A4894,South Carolina DHEC,SC,34.07569,-81.12499,85.95360000000001
A4895,Antelope Valley AQMD,CA,34.7254,-118.1786,708.0504000000001
A4897,River Road Park - Bellefonte,DE,39.7611,-75.4919,61.8744
A4901,Nampa Ridgecrest,ID,43.59934,-116.52887,783.9456
A4904,FWB Stillwell Park,FL,30.44437,-86.60957,9.144
A4905,Sandpoint,ID,48.272,-116.569,638.8608
A4906,BPG,OH,39.47869,-84.39711,199.9488
A4910,East Haverhill,OH,38.59246,-82.80677,166.116
A4911,Canton Fire St8,OH,40.7868,-81.39415,316.0776
A4912,Crossville,AL,34.28857,-85.96986,344.11920000000003
A4914,Morongo School,CA,33.9446,-116.8303,695.8584000000001
A4915,Morro Bay,CA,35.36159,-120.83682,88.08720000000001
A4918,Jasper - Post Office,IN,38.3918,-86.92967,145.0848
A4920,CAPCOG Lake Kyle Park,TX,29.98685,-97.86265,203.9112
A4923,Atlantic City PM,NJ,39.36326,-74.431,6.096
A4926,Portsmouth Water Treatment Plant,OH,38.7546,-82.917,167.03040000000001
A4933,Choteau,MT,47.82031,-112.19363,1168.9080000000001
A4938,I-610 New Orleans Near Road,LA,29.99601,-90.11819,
A4943,Ft Wayne - Coliseum,IN,41.08184,-85.08834,228.90480000000002
A4945,Gifford,OH,39.44217,-81.90883,274.32
A4951,Minneapolis - Greenway,MN,44.95208,-93.24428,256.94640000000004
A4952,Muncie Central HS,IN,40.1995,-85.38791,298.704
A4953,Adams State College,CO,37.46943,-105.87896,2303.0688
A4955,Canon City,CO,38.43824,-105.24507,1631.8992
A4961,Stone State Park,IA,42.555,-96.463,409.956
A4963,Brownsville East 6th St C1098,TX,25.90091,-97.50778,11.8872
A4968,Red Lake Nation DNR,MN,47.87965,-95.01662,366.0648
A4969,RAPS,OH,41.62057,-83.64226,189.8904
A4970,Laconia Robbie Mills Field,NH,43.56799,-71.49833,213.0552
A4981,Michigan City - Marsh Elementary,IN,41.70694,-86.89111,192.024
A4982,Arapahoe Community College,CO,39.60439,-105.01952,1637.0808000000002
A4988,NEGAUNEE TWP,MI,46.51793,-87.52125,391.0584
A4999,Flagstaff High School,AZ,35.20445,-111.65109,2117.1408
A5001,HaverhillHS,MA,42.78479,-71.10702,43.891200000000005
A5003,EBAM-6,CA,33.94853,-116.52278,309.0672
A5006,701 Florence Bld,NE,41.26605,-95.94059,310.896
A5007,Elgin_DMV,IL,42.02131,-88.28298,228.90480000000002
A5008,Everett-Beverly Park Rd,WA,47.89371,-122.26982,175.26000000000002
A5010,Springfield Youth Farm,OR,44.07636,-123.0369,134.112
A5013,St. Pete Midtown,FL,27.75704,-82.6618,18.8976
A5015,Freeman Lake,KY,37.71451,-85.87082,221.89440000000002
A5019,Evansville-Oak Hill,IN,37.98852,-87.53141,115.82400000000001
A5020,Ho Chunk Nation - Black River Falls,WI,44.3466,-90.7868,259.99440000000004
AMB10,AIRQ_10014,CA,33.74728,-116.95075,
AMB101,AIRQ_10458,OR,45.44875,-122.62391,
AMB1089,AIRQ_1856,FL,28.10515,-82.48951,
AMB1133,AIRQ_1896,MI,42.2738,-83.78721,
AMB12,AIRQ_10019,CA,34.12865,-118.1468,
AMB137,AIRQ_10696,PA,39.98384,-75.81755,
AMB157,AIRQ_10807,VA,38.87766,-77.11227,
AMB1683,AIRQ_2423,FL,25.84908,-80.27014,
AMB1706,AIRQ_2445,OR,45.51243,-122.61009,
AMB1713,AIRQ_2451,CA,34.04997,-117.18503,
AMB1721,AIRQ_2459,MD,39.01855,-77.12023,
AMB1797,AIRQ_2527,NJ,39.85855,-75.03262,
AMB1803,AIRQ_2532,NJ,40.95681,-74.15778,
AMB1807,AIRQ_2536,NY,40.73452,-73.89224,
AMB183,AIRQ_10958,IN,39.9199,-85.37297,
AMB1912,AIRQ_2632,NV,36.12888,-115.24454,
AMB1944,AIRQ_2663,NC,35.89667,-78.5907,
AMB1948,AIRQ_2668,NM,35.156,-106.51124,
AMB1951,AIRQ_2670,CO,39.57755,-104.95361,
AMB1968,AIRQ_2686,NM,35.1442,-106.52041,
AMB1974,AIRQ_2691,IL,41.75769,-88.18557,
AMB2058,AIRQ_2777,IL,41.875,-87.76318,
AMB2063,AIRQ_2781,CT,41.59799,-73.08855,
AMB2066,AIRQ_2784,DC,38.83685,-76.98808,
AMB21,AIRQ_10041,NV,36.0722,-115.18922,
AMB2105,AIRQ_2819,CA,33.98945,-118.08033,
AMB2113,AIRQ_2826,VA,38.78731,-77.59917,
AMB2165,AIRQ_2873,CA,32.59531,-117.03773,
AMB2184,AIRQ_2890,TX,30.5151,-97.72382,
AMB22,AIRQ_10043,VA,38.89698,-77.2536,
AMB2207,AIRQ_2912,FL,27.76937,-80.48483,
AMB2239,AIRQ_2943,KS,39.01632,-95.76012,
AMB2260,AIRQ_2965,CA,37.36809,-121.91516,
AMB2407,AIRQ_3103,IL,41.68854,-87.78813,
AMB249,AIRQ_1140,CO,40.58165,-105.1172,
AMB2567,AIRQ_3248,CA,33.83669,-118.29191,
AMB2569,AIRQ_3250,CA,34.18063,-118.29975,
AMB28,AIRQ_10056,CA,34.06299,-117.70738,
AMB2885,AIRQ_3545,OR,45.56247,-122.67465,
AMB2971,AIRQ_3624,CA,33.87191,-117.76404,
AMB298,AIRQ_11710,CA,34.14095,-118.13618,
AMB3011,AIRQ_3665,FL,26.15616,-80.27066,
AMB3017,AIRQ_3670,TX,29.63639,-95.44438,
AMB31,AIRQ_10064,MD,39.22066,-76.89108,
AMB3104,AIRQ_3756,WI,44.51125,-88.04049,
AMB3211,AIRQ_3854,CA,33.83034,-118.22042,
AMB33,AIRQ_10071,MI,42.6257,-83.15951,
AMB3384,AIRQ_4022,CA,37.69256,-122.14415,
AMB3436,AIRQ_4073,CA,37.78388,-122.43035,
AMB353,AIRQ_11998,VA,38.2938,-77.4632,
AMB4101,AIRQ_4777,MO,39.04797,-94.25865,
AMB4667,AIRQ_5579,CA,33.79959,-116.47567,
AMB4669,AIRQ_5580,MA,42.27384,-72.67164,
AMB4682,AIRQ_5594,VA,37.09045,-76.54069,
AMB47,AIRQ_10133,CA,37.98558,-121.33736,
AMB4783,AIRQ_5738,CA,34.11378,-118.25348,
AMB4786,AIRQ_5743,IA,41.97099,-91.77148,
AMB4788,AIRQ_5746,TX,31.79976,-106.22379,
AMB4798,AIRQ_5759,CA,33.84885,-117.73611,
AMB4800,AIRQ_5761,WA,45.60927,-122.56874,
AMB4817,AIRQ_5784,MD,38.89521,-76.81753,
AMB4842,AIRQ_5809,CA,33.91811,-118.00373,
AMB4851,AIRQ_5817,GA,33.41931,-82.1239,
AMB4852,AIRQ_5818,CA,38.47896,-122.75859,
AMB4861,AIRQ_5829,FL,30.49036,-86.48551,
AMB4877,AIRQ_5843,NJ,39.74081,-75.35516,
AMB4887,AIRQ_5852,CA,34.2281,-118.66687,
AMB49,AIRQ_10142,CA,38.68955,-121.38328,
AMB4939,AIRQ_5973,AZ,33.35974,-111.852,
AMB4957,AIRQ_6005,NV,36.25252,-116.06701,
AMB4961,AIRQ_6009,WI,43.0685,-87.88827,
AMB4963,AIRQ_6010,IL,42.05174,-87.85284,
AMB4967,AIRQ_6016,PA,40.32345,-75.62624,
AMB4973,AIRQ_6023,IL,41.92788,-88.74653,
AMB4985,AIRQ_6036,IL,38.60939,-89.95778,
AMB4988,AIRQ_6039,FL,27.87119,-82.26179,
AMB4996,AIRQ_6049,IL,41.75007,-88.25238,
AMB5,AIRQ_10009,CA,39.14054,-121.58874,
AMB5027,AIRQ_6079,NJ,39.71682,-75.4707,
AMB5037,AIRQ_6090,CA,38.35989,-121.99836,
AMB5055,AIRQ_6108,GA,34.08348,-84.21533,
AMB5072,AIRQ_6123,PA,40.0695,-75.01038,
AMB5076,AIRQ_6128,NV,36.00539,-115.28592,
AMB5079,AIRQ_6130,IL,41.51497,-90.44529,
AMB5094,AIRQ_6145,AL,30.51959,-87.88376,
AMB5095,AIRQ_6146,CA,37.59553,-122.40032,
AMB5106,AIRQ_6156,CA,34.12708,-117.89433,
AMB5108,AIRQ_6158,CO,38.90097,-104.69231,
AMB5120,AIRQ_6170,FL,28.25912,-81.31566,
AMB5123,AIRQ_6174,CA,38.46577,-121.35863,
AMB5145,AIRQ_6194,CA,33.70947,-117.14908,
AMB5157,AIRQ_6205,NY,40.75533,-73.83367,
AMB5160,AIRQ_6208,CA,34.25376,-118.76849,
AMB5163,AIRQ_6210,CA,34.11591,-118.21851,
AMB5195,AIRQ_6241,VA,37.06257,-76.51875,
AMB5198,AIRQ_6244,VA,37.12293,-76.49241,
AMB5203,AIRQ_6249,CA,34.15819,-119.16539,
AMB5215,AIRQ_6260,CA,37.68429,-120.95473,
AMB5265,AIRQ_6308,LA,30.44042,-91.14766,
AMB5306,AIRQ_6346,HI,19.94754,-155.7918,
AMB5334,AIRQ_6375,FL,28.09501,-82.51829,
AMB5505,AIRQ_6536,TX,32.83086,-96.78562,
AMB5688,AIRQ_6759,NC,35.76414,-78.82362,
AMB5698,AIRQ_6769,CA,37.40976,-121.85162,
AMB5793,AIRQ_6928,NY,40.60615,-73.98132,
AMB5803,AIRQ_6944,IL,42.11644,-88.06576,
AMB5813,AIRQ_6967,GA,33.70575,-84.42102,
AMB5857,AIRQ_7033,TX,32.49302,-94.36075,
AMB5871,AIRQ_7049,NV,36.10147,-115.13388,
AMB5922,AIRQ_7133,FL,25.755,-80.32342,
AMB5924,AIRQ_7136,FL,25.75826,-80.19907,
AMB5943,AIRQ_7155,TX,31.60164,-97.10943,
AMB5958,AIRQ_7177,PA,40.51747,-80.0327,
AMB5959,AIRQ_7178,NY,42.80346,-78.75099,
AMB5972,AIRQ_7190,NV,36.15935,-115.06263,
AMB5976,AIRQ_7194,NY,42.94808,-78.78459,
AMB5995,AIRQ_7213,NV,36.03941,-115.18941,
AMB6002,AIRQ_7222,OH,40.85927,-81.48465,
AMB6005,AIRQ_7226,NV,36.13121,-115.11136,
AMB6031,AIRQ_7254,NY,43.09201,-75.2221,
AMB6061,AIRQ_7286,CA,37.93821,-122.34719,
AMB6066,AIRQ_7290,CA,38.55093,-121.69396,
AMB6067,AIRQ_7291,NV,36.18868,-115.31473,
AMB6071,AIRQ_7295,CA,37.97578,-120.36503,
AMB6098,AIRQ_7320,NV,36.24007,-115.19201,
AMB61,AIRQ_10213,PA,39.95373,-75.26717,
AMB6104,AIRQ_7326,NV,36.08578,-115.18594,
AMB63,AIRQ_10217,OK,34.61888,-98.48164,
AMB6330,AIRQ_7914,FL,27.84827,-82.7305,
AMB6390,AIRQ_8172,AZ,33.61401,-112.36809,
AMB6462,AIRQ_8659,NV,36.07101,-115.24207,
AMB6465,AIRQ_8661,CT,41.79926,-72.55148,
AMB6469,AIRQ_8668,KY,37.07452,-84.61867,
AMB6476,AIRQ_8676,KY,37.28638,-85.90138,
AMB6483,AIRQ_8686,WI,43.08425,-89.31577,
AMB6499,AIRQ_8703,PA,40.03198,-75.10674,
AMB6501,AIRQ_8705,MI,42.62623,-82.99711,
AMB6506,AIRQ_8711,TX,33.3452,-96.58234,
AMB6519,AIRQ_8736,CA,37.77189,-122.39417,
AMB6522,AIRQ_8740,CA,33.83411,-117.93425,
AMB6523,AIRQ_8741,CA,32.85382,-116.96864,
AMB6532,AIRQ_8758,PA,39.97958,-76.75255,
AMB6535,AIRQ_8763,CA,38.16191,-121.69902,
AMB6540,AIRQ_8772,CT,41.49352,-72.81014,
AMB6554,AIRQ_8797,NY,43.10442,-75.2971,
AMB6559,AIRQ_8802,CA,37.40826,-122.07759,
AMB6564,AIRQ_8807,MO,39.01836,-94.19876,
AMB6571,AIRQ_8814,NV,36.1953,-115.2051,
AMB6574,AIRQ_8820,CA,38.56151,-121.33561,
AMB6584,AIRQ_8832,MD,38.8043,-76.9776,
AMB6591,AIRQ_8844,KY,37.99027,-85.71045,
AMB6595,AIRQ_8859,NV,36.1299,-115.24382,
AMB6597,AIRQ_8861,OK,35.85064,-97.93226,
AMB6599,AIRQ_8866,CA,37.70599,-121.88446,
AMB6601,AIRQ_8868,PA,39.99976,-75.15373,
AMB6604,AIRQ_8874,MD,38.28603,-76.47776,
AMB6611,AIRQ_8891,MI,43.0351,-85.68984,
AMB6616,AIRQ_8896,TN,35.89609,-84.61083,
AMB6617,AIRQ_8897,TN,36.00544,-84.91284,
AMB6623,AIRQ_8907,CA,34.0794,-118.36161,
AMB6631,AIRQ_8917,TN,36.22228,-84.15729,
AMB6637,AIRQ_8925,CA,34.20942,-119.19452,
AMB6638,AIRQ_8927,NV,36.12924,-115.2794,
AMB6642,AIRQ_8931,NY,43.21049,-75.45334,
AMB6644,AIRQ_8937,CA,34.89241,-120.42585,
AMB6645,AIRQ_8938,DE,38.91779,-75.44301,
AMB6652,AIRQ_8949,NJ,39.93853,-75.02754,
AMB6654,AIRQ_8950,DE,39.33015,-75.62507,
AMB6657,AIRQ_8956,NJ,40.03879,-74.91453,
AMB6661,AIRQ_8961,NJ,39.39447,-74.53803,
AMB6663,AIRQ_8965,CA,37.51425,-120.84914,
AMB6672,AIRQ_8978,OK,34.62299,-98.44894,
AMB6674,AIRQ_8980,CA,34.58076,-118.09661,
AMB6678,AIRQ_8987,TX,33.10547,-96.80839,
AMB6680,AIRQ_8993,NJ,39.41829,-75.03998,
AMB6686,AIRQ_9004,VA,38.79463,-77.27083,
AMB6704,AIRQ_9048,TN,36.34524,-84.16145,
AMB6725,AIRQ_9094,TN,35.81336,-86.0654,
AMB6733,AIRQ_9102,TX,31.31391,-94.72758,
AMB6744,AIRQ_9124,PA,39.82631,-76.9883,
AMB6749,AIRQ_9129,TX,30.91322,-93.99636,
AMB6758,AIRQ_9141,CA,38.15451,-121.15516,
AMB6768,AIRQ_9159,CA,35.63597,-117.66966,
AMB6770,AIRQ_9160,IL,39.93484,-91.36255,
AMB6774,AIRQ_9165,CA,34.07398,-118.32383,
AMB6775,AIRQ_9166,CT,41.69941,-72.89672,
AMB6776,AIRQ_9168,KS,38.81072,-94.91382,
AMB6782,AIRQ_9176,KS,39.01991,-94.66381,
AMB6794,AIRQ_9193,CA,34.91434,-120.43574,
AMB6803,AIRQ_9216,CA,39.50444,-121.55014,
AMB6822,AIRQ_9277,KS,38.94307,-95.25395,
AMB6825,AIRQ_9280,MO,37.12539,-94.47539,
AMB6828,AIRQ_9299,CA,35.62757,-120.68982,
AMB6854,AIRQ_9361,MO,37.24048,-93.29848,
AMB6855,AIRQ_9362,WI,43.18676,-89.23169,
AMB6859,AIRQ_9375,OH,41.47008,-81.70315,
AMB6874,AIRQ_9409,MI,42.55776,-83.44061,
AMB6878,AIRQ_9419,OH,41.40632,-81.6958,
AMB6886,AIRQ_9438,CA,33.93598,-118.21348,
AMB6889,AIRQ_9441,OH,41.24156,-81.84066,
AMB6891,AIRQ_9443,OH,41.41138,-81.93119,
AMB6895,AIRQ_9449,MI,42.98067,-83.75922,
AMB6908,AIRQ_9480,MD,39.36305,-77.1635,
AMB6910,AIRQ_9488,MI,43.25006,-83.78128,
AMB6918,AIRQ_9503,CA,34.08344,-118.35056,
AMB6919,AIRQ_9504,MI,42.23007,-83.19401,
AMB6935,AIRQ_9530,OH,41.47909,-81.76919,
AMB6936,AIRQ_9532,MO,39.00341,-94.12908,
AMB6939,AIRQ_9537,IN,40.46886,-86.10852,
AMB6943,AIRQ_9543,OH,41.23855,-81.33999,
AMB6944,AIRQ_9544,OH,41.49941,-81.66707,
AMB6951,AIRQ_9553,CA,33.93075,-118.32272,
AMB6955,AIRQ_9559,VA,38.78861,-77.51371,
AMB6957,AIRQ_9560,MI,42.32255,-83.4569,
AMB6958,AIRQ_9561,OH,41.39511,-81.46439,
AMB6978,AIRQ_9605,MO,37.3438,-92.92791,
AMB6981,AIRQ_9612,NE,40.44575,-99.37943,
AMB7000,AIRQ_9656,VA,38.75307,-77.0827,
AMB7010,AIRQ_9674,MI,45.10796,-87.61692,
AMB7020,AIRQ_9687,VA,38.99887,-77.40687,
AMB7025,AIRQ_9693,CA,33.93891,-117.24736,
AMB7028,AIRQ_9698,MO,37.18257,-93.29244,
AMB7038,AIRQ_9708,TN,36.18346,-85.4591,
AMB7040,AIRQ_9712,WI,43.07501,-87.95664,
AMB7045,AIRQ_9717,WI,44.91287,-91.38882,
AMB7051,AIRQ_9723,MO,37.16006,-93.31718,
AMB7052,AIRQ_9724,MO,37.02511,-93.22463,
AMB7059,AIRQ_9731,VA,38.6735,-77.25467,
AMB7082,AIRQ_9767,WI,44.53004,-88.06169,
AMB7084,AIRQ_9770,CA,37.66848,-120.95895,
AMB7085,AIRQ_9772,OH,41.54437,-83.58867,
AMB7089,AIRQ_9779,CA,34.20125,-118.5914,
AMB7092,AIRQ_9781,CA,37.35269,-121.82326,
AMB7096,AIRQ_9791,WI,44.79905,-91.46601,
AMB7101,AIRQ_9801,CA,38.96195,-122.63295,
AMB7108,AIRQ_9816,CA,34.0487,-118.24051,
AMB7109,AIRQ_9818,IA,41.74329,-93.59934,
AMB7119,AIRQ_9844,MD,39.28072,-76.86216,
AMB7129,AIRQ_9856,MD,39.31521,-76.46042,
AMB7130,AIRQ_9857,CA,36.297,-119.31286,
AMB7152,AIRQ_9899,NV,36.05192,-115.17152,
AMB7160,AIRQ_9915,MD,39.17723,-76.84496,
AMB7184,AIRQ_9951,CA,38.52529,-121.46503,
AMB7192,AIRQ_9968,DE,39.68087,-75.59017,
AMB7200,AIRQ_9979,CA,37.96209,-121.27273,
AMB7202,AIRQ_9981,CA,34.0487,-118.24051,
AMB7211,AIRQ_9995,CA,34.0646,-117.20388,
AMB7212,AIRQ_9996,CA,32.7485,-117.16142,
AMB7222,AIRQ_1616,PA,40.87059,-79.9303,
AMB7514,AG_d83bda1a2594,MO,38.25995,-90.55192,
AMB7517,AG_d83bda1af4a8,ME,43.72055,-70.38696,
AMB7532,AG_d83bda1aaf3c,TN,36.01293,-84.2221,
AMB7534,AG_d83bda1b6d70,CA,37.88509,-122.2732,
AMB7539,AG_d83bda1c9654,AZ,32.37107,-111.02308,
AMB84,AIRQ_10369,CT,41.51638,-72.99059,
AN005,Falcon Field Police Station,AZ,33.4522,-111.7331,413.9184
AN009,Central Phoenix,AZ,33.4579,-112.046,337.10880000000003
AN010,South Scottsdale,AZ,33.4797,-111.9172,374.904
AN013,West Chandler Fire Station,AZ,33.299,-111.8843,360.88320000000004
AN014,Tempe,AZ,33.4124,-111.9347,356.00640000000004
AN021,Blue Point Sheriff Sub-station,AZ,33.5455,-111.6093,433.12080000000003
AN023,Durango Complex,AZ,33.4265,-112.1181,319.1256
AN071,Paso Robles - Santa Fe Ave,CA,35.6147,-120.6569,252.0696
AN087,El Rio - Rio Mesa School #2,CA,34.2653,-119.1336,40.2336
AN126,DAVIS ISLAND,FL,27.9283,-82.4547,7.010400000000001
AN127,GANDY,FL,27.8928,-82.5383,4.8768
AN129,Indian River Lagoon,FL,27.8492,-80.4554,1.8288000000000002
AN130,Sumatra,FL,30.1103,-84.9903,17.0688
AN137,Savannah East President,GA,32.0683,-81.0489,9.144
AN142,South DeKalb,GA,33.6906,-84.2731,242.0112
AN146,United Ave,GA,33.7206,-84.3578,294.132
AN148,Fort Mountain,GA,34.785,-84.6269,714.1464000000001
AN162,SAND ISLAND 2 - ANUENUE FISHERIES,HI,21.3039,-157.8711,3.048
AN164,QUINCY,IL,39.9175,-91.3358,213.0552
AN165,THOMAS,IL,40.24495,-88.18818,224.02800000000002
AN170,SCHILPRK,IL,41.965,-87.8761,198.12
AN178,DECATUR,IL,39.8669,-88.9256,202.0824
AN179,NILWOOD,IL,39.3961,-89.8094,202.0824
AN184,ROCK_IS,IL,41.5144,-90.5172,174.04080000000002
AN185,East St. Louis,IL,38.61189,-90.16061,124.0536
AN189,Flora,IN,40.54056,-86.55306,217.01760000000002
AN190,Charlestown State Park,IN,38.39383,-85.66417,180.13680000000002
AN195,Vincennes,IN,38.7408,-87.4853,142.0368
AN200,Indpls-Washington Park,IN,39.8108,-86.1147,231.95280000000002
AN204,South Bend-Shields Dr,IN,41.6967,-86.2147,228.90480000000002
AN206,Dayville,IN,37.9536,-87.29,135.9408
AN235,Vinton,LA,30.2278,-93.5797,10.972800000000001
AN241,Bayou Plaquemine,LA,30.2211,-91.3153,6.096
AN247,Chalmette Vista,LA,29.9431,-89.9761,4.8768
AN253,Cape Elizabeth,ME,43.56104,-70.20732,24.0792
AN264,Padonia,MD,39.462,-76.6316,117.04320000000001
AN266,Fair Hill,MD,39.7011,-75.86,113.99520000000001
AN270,Aldino,MD,39.5633,-76.2039,121.0056
AN271,Millington,MD,39.3052,-75.7972,22.86
AN274,PG Equestrian Center,MD,38.81207,-76.74419,10.972800000000001
AN276,TRURO,MA,41.9756,-70.0239,34.1376
AN282,WARE,MA,42.2983,-72.3344,301.1424
AN288,Worcester,MA,42.2742,-71.8758,306.0192
AN289,Uxbridge,MA,42.0997,-71.62,77.1144
AN334,ELDOSPGS,MO,37.70097,-94.03474,299.9232
AN336,LIBERTY,MO,39.30306,-94.37639,276.1488
AN342,ARNOLD,MO,38.44858,-90.39844,187.1472
AN343,Foley West,MO,39.04586,-90.84919,227.99040000000002
AN345,MTSP,MO,39.4751,-91.78899,205.1304
AN346,Farrar,MO,37.70264,-89.69864,173.12640000000002
AN347,WEST ALTON,MO,38.8725,-90.22639,128.93040000000002
AN352,Ladue,MO,38.65026,-90.35046,160.02
AN354,BLAIR STREET,MO,38.65645,-90.19855,138.9888
AN387,Concord,NH,43.21847,-71.51453,107.89920000000001
AN388,Portsmouth,NH,43.07537,-70.74802,3.048
AN392,Flemington,NJ,40.51525,-74.80676,43.891200000000005
AN394,Wash. Crossing,NJ,40.3125,-74.8729,59.1312
AN396,Elizabeth Trailer,NJ,40.64144,-74.20837,6.096
AN399,Connecticut Hill,NY,42.4006,-76.6538,524.8656
AN403,Beaufort,NC,34.8848,-76.6203,2.1336
AN406,Burdens Creek,NC,35.8894,-78.8747,92.0496
AN411,LENOIRCOLL,NC,35.23146,-77.56879,14.020800000000001
AN413,Coweeta,NC,35.0608,-83.4306,695.8584000000001
AN420,Oxford,OH,39.5327,-84.7286,259.08000000000004
AN434,Canton - Malone College,OH,40.82805,-81.37833,359.96880000000004
AN445,Laurel Hill,PA,39.9878,-79.2514,616.0008
AN448,E Providence,RI,41.8403,-71.3617,-2.1336
AN450,Speedwell,TN,36.47,-83.83,363.93120000000005
AN454,Killeen C1047,TX,31.088,-97.67973,249.936
AN484,Dallas North C63,TX,32.91921,-96.8085,195.9864
AN485,Dallas Redbird Airport C402,TX,32.6767,-96.8717,206.9592
AN490,Odessa Gonzales C1014,TX,31.87025,-102.33476,890.0160000000001
AN496,Chamizal C41,TX,31.7656,-106.455,1124.1024
AN502,Ascarate Park Southeast C37,TX,31.7467,-106.4028,1121.9688
AN508,Galveston Airport C1034,TX,29.2631,-94.8564,3.048
AN514,Northwest Harris Co. C26/C110/C154,TX,30.0394,-95.6739,52.1208
AN528,Houston Park Place C416,TX,29.68639,-95.29472,14.9352
AN536,Houston East C1,TX,29.7681,-95.2206,10.972800000000001
AN546,Mission C43,TX,26.22623,-98.29107,42.062400000000004
AN551,Beaumont C2/C112,TX,30.0394,-94.0747,9.144
AN557,Hamshire C64,TX,29.86395,-94.3178,7.9248
AN561,Nederland C1035,TX,29.9786,-94.0111,7.9248
AN563,Kaufman C71,TX,32.565,-96.3175,136.8552
AN569,Conroe Relocated C78,TX,30.3503,-95.425,77.1144
AN573,Corpus Christi West C4,TX,27.76534,-97.43425,14.020800000000001
AN576,Corpus Christi Huisache C98,TX,27.8042,-97.4314,9.144
AN588,SETRPC Mauriceville 42 C642,TX,30.18,-93.8731,14.020800000000001
AN591,Rockwall Heath C69,TX,32.9361,-96.4592,173.12640000000002
AN593,Tyler Airport Relocated C82,TX,32.34401,-95.41575,167.94480000000001
AN594,Eagle Mountain Lake C75,TX,32.9881,-97.4764,242.9256
AN596,Keller C17,TX,32.9225,-97.28209,256.03200000000004
AN597,Grapevine Fairway C70,TX,32.98426,-97.06371,178.00320000000002
AN602,Austin Northwest C3,TX,30.3542,-97.76,252.984
AN608,Victoria C87,TX,28.8358,-97.0056,32.004000000000005
AN625,North Bend-North Bend Way (SO),WA,47.4902,-121.7727,138.9888
AN639,Darrington-Fir St,WA,48.2468,-121.6031,171.90720000000002
AN649,NEWPORT,WI,45.2378,-86.9936,196.9008
AN657,MILWAUKEE 16TH ST,WI,43.0178,-87.9333,195.072
AN671,SHEBOYGAN,WI,43.665,-87.7161,175.86960000000002
AN672,Perkinstown,WI,45.2066,-90.5969,458.11440000000005
AN677,Centennial,WY,41.3642,-106.2399,3176.9304
AN682,Boulder,WY,42.7186,-109.7531,2155.8504000000003
AN684,Pinedale Gaseous,WY,42.8698,-109.8708,2189.9880000000003
AN742,Yukon,OK,35.4794,-97.7508,420.9288
AN746,Choctaw,OK,35.4778,-97.3022,371.856
AN752,Lynn Lane,OK,36.1336,-95.7636,199.0344
AN758,South Carroll,MD,39.4442,-77.0417,224.02800000000002
AN775,Moxa Arch,WY,41.7506,-109.7897,1971.1416000000002
AN790,STILWELL CASTNET & NCORE,OK,35.7506,-94.6697,303.8856
AN814,Hoxeyville,MI,44.1809,-85.739,292.9128
AN816,Sycamore,OH,39.2787,-84.36612,260.9088
AN820,"Iowa City, Hoover School",IA,41.6582,-91.50347,225.85680000000002
AN824,"Clinton, Rainbow Park",IA,41.875,-90.1775,181.96560000000002
AN826,Scott County Park,IA,41.6992,-90.5219,227.99040000000002
AN831,"Waverly, Airport",IA,42.7431,-92.5131,299.0088
AN839,Big Piney,WY,42.48667,-110.09917,2080.8696
AN844,Santa Cruz AMS,CA,36.98332,-121.98822,28.041600000000003
AN851,Troost,MO,39.10465,-94.57055,288.9504
AN856,BROADWAY (South),MO,38.5425,-90.26361,138.9888
AN861,St. Joseph,MO,39.74167,-94.85833,250.8504
AN862,San Marcos Staples Rd C1675,TX,29.86228,-97.92886,178.91760000000002
AN863,GC_MAD,IL,38.7045,-90.1397,130.1496
AN871,Parklane,SC,34.0939,-80.9622,104.8512
AN875,Greenville-ESC,SC,34.8439,-82.4146,313.0296
AN876,Chesterfield,SC,34.6153,-80.1989,132.8928
AN910,KNIGHT_P,IL,38.0889,-88.625,146.9136
AUROE,Aurora East,CO,39.63853,-104.56907,1800.4536
AV056,WB4E-13 Maryville,TN,35.75767,-83.94867,296.561256
BCFI1,BEARSKIN CREEK,ID,44.38556,-115.5505,2175.3576000000003
BDWP1,BALDWIN,PA,40.38333,-79.95639,340.15680000000003
BOKP1,BRADDOCK,PA,40.395,-79.86583,229.51440000000002
CHATP,Chatfield Park,CO,39.534488,-105.070358,1676.0952
CQ008,Edison,CA,35.34583,-118.85056,171.90720000000002
CQ011,Jackson-Clinton Road,CA,38.34278,-120.76472,377.0376
CQ017,Roseville-N Sunrise Blvd,CA,38.74611,-121.26472,49.0728
CQ018,Sacramento - 1309 T Street,CA,38.56806,-121.49361,4.8768
CQ019,San Andreas-Gold Strike Road,CA,38.20194,-120.68944,324.9168
CQ021,Shafter,CA,35.50361,-119.27278,125.8824
CQ026,Sonora - Barretta Street,CA,37.96889,-120.38667,570.8904
CQ036,Clovis-N Villa Avenue,CA,36.81944,-119.71667,85.95360000000001
CQ045,Riverside-Rubidoux,CA,34.00056,-117.41528,249.936
CQ048,Lake Elsinore-W Flint Street,CA,33.67639,-117.33083,402.336
CQ053,Elk Grove - Bruceville Road,CA,38.30306,-121.42028,7.010400000000001
CQ056,Lake Gregory,CA,34.24139,-117.27556,1387.1448
CQ058,San Bernardino,CA,34.10667,-117.27361,305.1048
CQ073,Glendora-Laurel,CA,34.14444,-117.85,284.988
CQ076,Carmel Valley-Ford Rd,CA,36.48194,-121.73333,126.492
CQ088,Reseda,CA,34.19917,-118.53278,226.16160000000002
CQ090,West Los Angeles-VA Hospital,CA,34.05056,-118.45667,60.96
CQ098,Redding-Health Dept Roof,CA,40.55139,-122.38083,149.0472
CQ103,Barstow,CA,34.89389,-117.02444,691.8960000000001
CQ121,Westmorland-W 1st Street,CA,33.0325,-115.62361,-32.004000000000005
CQ129,Sloughhouse,CA,38.49444,-121.21111,70.104
CQ132,Woodland-Gibson Rd,CA,38.66056,-121.73056,10.972800000000001
CQ133,Nipomo-Regional Park,CA,35.03167,-120.50083,123.1392
CQ150,San Pablo-Rumrill Blvd,CA,37.96,-122.35639,9.144
CQ154,Vacaville-Ulatis Dr,CA,38.35667,-121.95,32.9184
CQ160,Yosemite NP-Turtleback Dome,CA,37.7114,-119.7058,1610.8680000000002
CQ162,Death Valley Natl Park,CA,36.507,-116.8478,124.968
CQ163,Joshua Tree-National Monument,CA,34.0676,-116.3889,1239.9264
CQ164,Sequoia & Kings Canyon Np,CA,36.4875,-118.8269,561.1368
CQ171,Mira Loma Van Buren,CA,33.99639,-117.4925,231.03840000000002
CQ172,Carrizo Plains School-9640 Carrizo,CA,35.35472,-120.04,612.0384
CQ173,Kernville-NPS,CA,35.75326,-118.4174,844.9056
CQ174,Pinehurst-NPS,CA,36.69546,-119.0188,1249.9848
CQ179,Blythe-West Murphy Street,CA,33.6122,-114.601,121.0056
CQ183,Nipomo-Guadalupe Road,CA,35.02079,-120.56389,42.062400000000004
CQ187,Red Hills,CA,35.64366,-120.23134,711.0984000000001
CQ192,Pico Rivera-4144 San Gabriel,CA,34.01028,-118.06861,74.9808
CQ194,Compton-700 North Bullis Road,CA,33.90145,-118.20499,21.945600000000002
CQ199,San Diego-Kearny Villa Road,CA,32.84556,-117.12389,134.112
CQ213,Ukiah-County Library,CA,39.15111,-123.20667,185.928
CQ228,Lebec,CA,34.84155,-118.86058,1068.9336
CQ231,Chico-East Avenue,CA,39.76168,-121.84047,67.9704
CQ237,San Lorenzo Valley Middle School AMS,CA,37.06315,-122.0831,106.9848
CQ242,Otay Mesa - Donovan Correctional Facility,CA,32.57944,-116.92944,189.8904
CQ243,Atascadero - Lift Station 5,CA,35.49453,-120.66617,257.86080000000004
CQ254,Mammoth Lakes-Gateway HC,CA,37.64576,-118.96654,2391.156
CQ258,Long Beach - Route 710 Near Road,CA,33.85944,-118.20028,11.8872
CQ263,Sacramento - Bercut Drive,CA,38.59333,-121.50375,10.0584
CQ271,Paradise - Clark Road,CA,39.75786,-121.60791,561.1368
CQ272,Fresno-Hamilton and Winery,CA,36.72621,-119.73249,96.9264
CQ273,Bakersfield-Westwind,CA,35.37695,-119.04389,124.0536
CRSO,"Crooked Riv at Smith Rock St. Park nr Terrebonne, OR",OR,44.3675,-121.138888889,816.864
DOHS2,BAKER PARK,SD,43.97917,-103.425,1424.6352000000002
FIS,"Fish Lake near Ashland, OR",OR,42.3777777778,-122.347222222,1416.7104000000002
G6254,GW6254 WATERVLIET,NY,42.73267,-73.726,73.152
GRWLD,Greeley - Weld Co. Tower,CO,40.38637,-104.73744,1474.0128
GSLM,Great Salt Lake Minerals,UT,41.296997,-112.269075,1283.8176
HENI,"Henrys Fork near Lake, ID",ID,44.595,-111.35,1966.2648000000002
HPWO,"Howard Prairie Dam Weather Station, OR",OR,42.215,-122.371944444,1405.1280000000002
HRWM8,HELENA,MT,46.73167,-112.01917,1158.24
KAC,"KACHESS RESERVOIR,RIVER AND WEATHER STATION",WA,47.2647222222,-121.204444444,687.0192000000001
KETI,Ketchum Ranger Station,ID,43.6816666667,-114.362777778,1795.2720000000002
LDOI1,LEADORE CREEK,ID,44.70192,-113.34692,1874.52
MODW2,MOOREFIELD,WV,39.07056,-78.94139,290.1696
MTCW2,MITCHELL MOUNTAIN,WV,38.54444,-79.34806,853.44
NAA,Neil Armstrong Academy,UT,40.71152,-112.01448,1298.448
NAOG1,ARMUCHEE,GA,34.6997,-85.15653,351.12960000000004
NM1H,1H San Juan Substation,NM,36.79667,-108.4725,1642.872
NM2LL,2LL Los Lunas,NM,34.8147,-106.7396,1488.6432
NM3CR,3CRD Coyote Ranger District,NM,36.18773,-106.69838,2229.0024000000003
NM3SF,3SFA Santa Fe Airport,NM,35.61975,-106.07968,1929.9936
NM5ZR,5ZR Carlsbad,NM,32.38,-104.26222,975.36
NM5ZS,5ZS Hobbs Jefferson,NM,32.72683,-103.12298,1110.0816
NM6CM,6CM Anthony,NM,32.00361,-106.59917,1167.6888000000001
NM6O,6O La Union,NM,31.91867,-106.63297,1161.288
ODEQ410170122,Bend Road Department,OR,44.0219,-121.2602,1135.0752
OJ,Ojai - Ojai Ave,CA,34.44804,-119.23131,235.9152
OXCAR,Carpinteria,CA,34.402881,-119.457419,136.8552
OXLOM,Lompoc HS & P,CA,34.725503,-120.427647,220.06560000000002
OXLPH,Lompoc H ST,CA,34.637914,-120.456586,32.004000000000005
PSA04,Liberty,PA,40.32,-79.87,334.97520000000003
PSA07,Parkway East (Near Road),PA,40.44,-79.86,360.88320000000004
PSA08,South Fayette,PA,40.38,-80.17,390.144
PSC14,Lancaster,PA,40.05,-76.28,106.9848
PSC18,Norristown,PA,40.11,-75.31,85.34400000000001
PSC24,Beaver Falls,PA,40.75,-80.31,227.38080000000002
PSC27,Freemansburg,PA,40.63,-75.34,92.0496
PSC30,Johnstown,PA,40.31,-78.92,358.74960000000004
PSC32,New Castle,PA,41.0,-80.35,231.64800000000002
PSC35,State College,PA,40.81,-77.88,335.28000000000003
PSC36,Strongstown,PA,40.56,-78.92,565.7088
PSC39,Brighton Township,PA,40.69,-80.36,352.34880000000004
PSC42,Carlisle,PA,40.25,-77.18,48.1584
PSC46,Methodist Hill,PA,39.96,-77.48,189.5856
PSC54,York Downwind,PA,39.86,-76.46,75.2856
PSC58,Arendtsville,PA,39.92,-77.31,267.9192
PSC59,Fort McIntosh,PA,40.69,-80.3,284.0736
PSC60,Marcus Hook,PA,39.82,-75.41,5.1816
PU,Piru - Pacific Ave,CA,34.40426,-118.80991,193.8528
QBG,Brigham City 3,UT,41.48993,-112.02144,1318.8696
QBV,Bountiful - Viewmont,UT,40.9029,-111.8844,1311.8592
QCV,Copperview,UT,40.59806,-111.89417,1343.8632
QHU,Hurricane,UT,37.179,-113.3052,989.076
QIP,Inland Port,UT,40.8079,-112.08772,1288.9992
QNW,Washakie Reservation,UT,41.94467,-112.23377,1371.6000000000001
QRP,Rose Park,UT,40.7955,-111.9309,1289.9136
QRS,Roosevelt,UT,40.2943,-110.009,1588.008
QSM,Smithfield,UT,41.84278,-111.85194,1374.0384000000001
QSPA3,SUNSET POINT,AZ,34.18847,-112.13467,1030.2240000000002
QV4,Vernal,UT,40.46472,-109.56083,1666.0368
RLNM5,RED LAKE,MN,47.87075,-95.03022,368.5032
RTFO3,RED BUTTE,OR,43.53628,-117.83172,1359.4080000000001
STNI1,STANLEY,ID,44.16911,-114.92587,1988.2104000000002
SV,Simi Valley - Cochran,CA,34.2764,-118.68375,316.0776
TEKN5,10K,NM,35.20847,-106.43586,3060.192
TO,Thousand Oaks - Moorpark Rd,CA,34.21014,-118.8705,246.888
UABRB,Above Red Butte Reservoir (ABRB),UT,40.780567,-111.807222,1673.9616
UATKF,Knowlton Fork (KF),UT,40.810122,-111.76695,2012.8992
WBB,U of U William Browning Building,UT,40.76623,-111.84755,1464.8688
WFDEW,Dewey Beach,DE,38.68134,-75.07507,3.6576000000000004
WFDGS,Dougs 57A,WA,45.67603,-121.2346,23.4696
WFDIN,Dinner Key Light 1,FL,25.71334,-80.21056,0.0
WFDOG,Dog Bar Breakwater,MA,42.58261,-70.67235,0.0
WFGBZ,Gulf Breeze,FL,30.360286,-87.155193,3.048
WFGLF,Gulf Shores - Foley,AL,30.36299,-87.64788,17.9832
WFJNB,Jones Beach Light 8,WA,46.15028,-123.29751,0.0
WFKAI,Kailua,HI,21.4,-157.73,0.6096
WFMAC,Fort Macon,NC,34.70049,-76.68824,4.8768
WFMAN,Manzanita,OR,45.70385,-123.93864,10.668000000000001
WFMAY,Cape May,NJ,38.96991,-74.96145,2.7432000000000003
WFMRH,The Wall Marker 40,OR,45.68312,-120.7972,49.0728
WFPTL,Point Lookout,MD,38.0412,-76.32256,0.0
WFROW,Rowena,OR,45.67874,-121.27482,24.6888
WFTEX,Texas City,TX,29.36552,-94.95127,3.6576000000000004
